{
  "project_info": {
    "project_number": "988012763721",
    "firebase_url": "https://arhab-rentalcar.firebaseio.com",
    "project_id": "arhab-rentalcar",
    "storage_bucket": "arhab-rentalcar.appspot.com"
  },
  "client": [
    {
      "client_info": {
        "mobilesdk_app_id": "1:988012763721:android:d4593bea80f328dfd07d98",
        "android_client_info": {
          "package_name": "com.example.arhab"
        }
      },
      "oauth_client": [
        {
          "client_id": "988012763721-oq8c77pqpbka0v6qkvlu3q1d3dqeir3h.apps.googleusercontent.com",
          "client_type": 3
        }
      ],
      "api_key": [
        {
          "current_key": "AIzaSyBqEKEKtYFvGugzA9_EWSi8C7VBU1REDY4"
        }
      ],
      "services": {
        "appinvite_service": {
          "other_platform_oauth_client": [
            {
              "client_id": "988012763721-oq8c77pqpbka0v6qkvlu3q1d3dqeir3h.apps.googleusercontent.com",
              "client_type": 3
            }
          ]
        }
      }
    },
    {
      "client_info": {
        "mobilesdk_app_id": "1:988012763721:android:2ca3e8f7819c9007d07d98",
        "android_client_info": {
          "package_name": "com.example.arhb_car_rental"
        }
      },
      "oauth_client": [
        {
          "client_id": "988012763721-oq8c77pqpbka0v6qkvlu3q1d3dqeir3h.apps.googleusercontent.com",
          "client_type": 3
        }
      ],
      "api_key": [
        {
          "current_key": "AIzaSyBqEKEKtYFvGugzA9_EWSi8C7VBU1REDY4"
        }
      ],
      "services": {
        "appinvite_service": {
          "other_platform_oauth_client": [
            {
              "client_id": "988012763721-oq8c77pqpbka0v6qkvlu3q1d3dqeir3h.apps.googleusercontent.com",
              "client_type": 3
            }
          ]
        }
      }
    }
  ],
  "configuration_version": "1"
}